{
    "ID": "1010001",
    "Slave": 1,
    "GroupSN": 0,
    "Addr": [40300, 40302, 40304, 40306, 40314, 40317, 40320, 40329, 40331, 40351, 40353, 40355, 40357, 40359, 40361, 40363, 40365, 40367, 40369, 40371, 40373, 40402, 40404, 40981, 40983, 40984, 40985, 40991, 40993, 41001, 41251, 41501, 41751],
    "Value": [[0.64], [0.7], [0], [25.5], [97.02], [1], [1], [30.5], [34.5], [8.98], [9.01], [8.78], [220.4], [221.3], [220.9], [46.7], [21.3], [16.5], [2.3], [0.4], [0.5], [60], [60.5], [30], [200], [200], ["2022-04-24 18:20:25"], [4.16], [4.21], [0.0, 0.0, 0.0, 0.01, 0.01, 0.03, 0.04, 0.049999997, 0.07, 0.089999996, 0.12, 0.14, 0.17, 0.19999999, 0.22999999, 0.26999998, 0.31, 0.34, 0.39, 0.42999998, 0.47, 0.52, 0.56, 0.61, 0.65999997, 0.71, 0.77, 0.83, 0.88, 0.94, 1.0, 1.06, 1.12, 1.18, 1.24, 1.3, 1.36, 1.43, 1.49, 1.55, 1.62, 1.68, 1.75, 1.81, 1.87, 1.9399999, 2.0, 2.06, 2.12, 2.18, 2.24, 2.3, 2.36, 2.4199998, 2.48, 2.54, 2.6, 2.6499999, 2.71, 2.76, 2.81, 2.87, 2.9199998, 2.97, 3.02, 3.07, 3.11, 3.1599998, 3.21, 3.25, 3.3, 3.34, 3.3799999, 3.4299998, 3.47, 3.51, 3.54, 3.58, 3.62, 3.6599998, 3.6899998, 3.73, 3.76, 3.79, 3.83, 3.86, 3.8899999, 3.9099998, 3.9399998, 3.97, 3.99, 4.02, 4.04, 4.06, 4.0899997, 4.1, 4.12, 4.14, 4.15, 4.17, 4.18, 4.19, 4.2, 4.2, 4.21, 4.21, 4.21, 4.21, 4.21, 4.2, 4.19, 4.18, 4.17, 4.15, 4.13, 4.11, 4.0899997, 4.06, 4.0299997, 4.0, 3.97, 3.9299998, 3.8999999, 3.86, 3.81, 3.77, 3.73, 3.6799998, 3.6299999, 3.58, 3.53, 3.47, 3.4099998, 3.35, 3.29, 3.23, 3.1699998, 3.11, 3.05, 2.98, 2.9199998, 2.86, 2.8, 2.73, 2.6599998, 2.6, 2.53, 2.46, 2.3999999, 2.33, 2.26, 2.2, 2.1299999, 2.06, 2.0, 1.93, 1.86, 1.8, 1.73, 1.67, 1.5999999, 1.54, 1.4699999, 1.41, 1.35, 1.29, 1.22, 1.16, 1.1, 1.04, 0.98999995, 0.93, 0.87, 0.82, 0.77, 0.71, 0.65999997, 0.61, 0.56, 0.52, 0.47, 0.42999998, 0.39, 0.35, 0.31, 0.26999998, 0.24, 0.21, 0.17999999, 0.14999999, 0.12, 0.099999994, 0.08, 0.06, 0.04, 0.03, 0.02, 0.01, 0.0, 0.0], [29.13, 29.46, 30.58, 31.46, 31.92, 32.48, 33.059998, 33.68, 34.41, 36.11, 37.45, 38.52, 39.989998, 40.93, 42.37, 44.559998, 46.7, 48.82, 51.0, 53.32, 55.17, 56.93, 58.17, 57.69, 56.52, 55.21, 54.0, 52.62, 51.809998, 51.61, 51.949997, 52.61, 53.219997, 53.699997, 54.289997, 54.469997, 54.32, 53.989998, 53.43, 52.649998, 51.84, 51.27, 51.03, 50.96, 50.96, 51.02, 51.18, 51.39, 51.59, 51.649998, 51.64, 51.57, 51.44, 51.25, 51.01, 50.75, 50.67, 50.59, 50.55, 50.629997, 50.899998, 51.16, 51.3, 51.379997, 51.52, 51.61, 51.5, 51.379997, 51.28, 51.18, 51.03, 50.94, 50.91, 50.94, 50.95, 50.98, 51.07, 51.239998, 51.28, 51.26, 51.21, 51.17, 51.11, 50.969997, 50.69, 50.64, 50.64, 50.64, 50.66, 50.719997, 50.8, 50.86, 50.86, 50.84, 50.809998, 50.76, 50.629997, 50.55, 50.52, 50.51, 50.51, 50.53, 50.57, 50.67, 50.77, 50.78, 50.71, 49.789997, 48.52, 47.32, 46.96, 46.28, 45.34, 44.26, 43.67, 43.16, 42.46, 41.21, 39.92, 38.239998, 36.12, 34.45, 32.7, 30.65, 28.09, 25.359999, 22.66, 20.58, 20.35, 21.529999, 23.359999, 25.35, 27.119999, 28.519999, 29.24, 28.769999, 27.5, 26.01, 24.64, 23.48, 22.83, 22.8, 23.48, 24.279999, 25.08, 25.789999, 26.3, 26.359999, 26.029999, 25.43, 24.98, 24.59, 24.33, 24.369999, 24.4, 24.59, 24.92, 25.14, 25.4, 25.64, 25.779999, 25.74, 25.689999, 25.65, 25.65, 25.59, 25.55, 25.57, 25.65, 25.789999, 25.96, 26.14, 26.3, 26.4, 26.449999, 26.529999, 26.599998, 26.65, 26.72, 26.75, 26.84, 27.0, 27.22, 27.349998, 27.56, 27.849998, 27.97, 28.099998, 28.23, 28.31, 28.39, 28.43, 28.47, 28.58, 28.66, 28.76, 28.89, 29.029999, 29.189999, 29.369999], [32.23, 33.17, 34.11, 34.94, 35.65, 36.24, 36.83, 37.42, 38.01, 38.61, 39.17, 39.70, 40.17, 40.64, 41.11, 41.59, 42.09, 42.60, 43.10, 43.60, 44.10, 44.60, 45.10, 45.65, 46.24, 46.86, 47.48, 48.10, 48.72, 49.34, 47.06, 41.87, 33.77, 25.67, 17.57, 9.46, 4.17, 1.71, 2.08, 2.45, 2.82, 3.19, 3.56, 3.72, 3.67, 3.40, 3.13, 2.86, 2.59, 2.31, 3.81, 7.09, 12.14, 17.19, 22.24, 27.29, 32.34, 37.39, 42.44, 45.73, 47.24, 46.97, 46.70, 46.43, 46.16, 45.89, 45.62, 45.35, 45.05, 44.79, 44.58, 44.44, 44.30, 44.16, 44.02, 43.88, 43.74, 43.60, 43.43, 43.21, 42.92, 42.59, 42.26, 41.93, 41.60, 41.27, 40.94, 40.61, 40.26, 39.92, 39.61, 39.33, 39.05, 38.77, 38.49, 38.21, 37.93, 37.65, 37.34, 37.04, 36.74, 36.46, 36.18, 35.90, 35.62, 35.34, 35.17, 35.11, 35.16, 35.21, 35.26, 35.31, 35.52, 35.89, 36.40, 36.91, 37.42, 37.93, 38.45, 39.11, 39.91, 40.83, 41.75, 42.67, 43.59, 44.52, 45.52, 46.60, 47.74, 48.88, 50.02, 51.17, 49.59, 45.29, 38.24, 31.19, 24.14, 17.09, 10.04, 7.60, 9.78, 16.57, 23.36, 30.15, 36.94, 43.73, 47.80, 49.15, 47.76, 46.37, 44.98, 43.59, 42.19, 41.10, 40.31, 39.83, 39.35, 38.87, 38.39, 37.91, 37.43, 36.95, 36.46, 35.97, 35.50, 35.04, 34.58, 34.12, 33.66, 33.20, 32.74, 32.28, 31.79, 31.37, 31.02, 30.75, 30.48, 30.21, 29.94, 29.67, 29.40, 29.13, 28.83, 28.65, 28.60, 28.70, 28.80, 28.90, 29.00, 29.10, 29.20, 29.30, 29.42, 29.60, 29.85, 30.13, 30.41, 30.69, 31.29, 32.12], [62.30, 61.60, 60.89, 60.31, 59.86, 59.54, 59.22, 58.90, 58.58, 58.24, 57.96, 57.73, 57.56, 57.39, 57.22, 57.04, 56.89, 56.79, 56.73, 56.67, 56.61, 56.55, 56.49, 56.46, 56.47, 56.51, 56.55, 56.59, 56.63, 56.68, 56.79, 56.94, 57.12, 57.30, 57.48, 57.67, 57.85, 58.02, 58.17, 58.32, 58.47, 58.62, 58.79, 58.86, 58.83, 58.68, 58.53, 58.38, 58.23, 58.06, 57.88, 57.70, 57.53, 57.36, 57.19, 57.02, 56.85, 56.68, 56.49, 56.35, 56.28, 56.28, 56.28, 56.28, 56.28, 56.28, 56.28, 56.28, 56.30, 56.32, 56.36, 56.38, 56.40, 56.42, 56.44, 56.46, 56.48, 56.50, 56.52, 56.57, 56.65, 56.75, 56.85, 56.95, 57.05, 57.15, 57.25, 57.35, 57.46, 57.60, 57.75, 57.90, 58.05, 58.20, 58.35, 58.50, 58.65, 58.80, 58.95, 59.10, 59.26, 59.42, 59.58, 59.74, 59.90, 60.06, 60.17, 60.21, 60.18, 60.15, 60.12, 60.08, 59.96, 59.76, 59.49, 59.22, 58.95, 58.68, 58.40, 58.13, 57.88, 57.65, 57.42, 57.19, 56.96, 56.72, 56.61, 56.63, 56.77, 56.91, 57.05, 57.19, 57.33, 57.48, 57.63, 57.78, 57.93, 58.08, 58.25, 58.30, 58.24, 58.04, 57.84, 57.64, 57.44, 57.23, 57.13, 57.14, 57.25, 57.36, 57.47, 57.58, 57.69, 57.85, 58.05, 58.29, 58.53, 58.77, 59.01, 59.25, 59.49, 59.73, 59.99, 60.27, 60.59, 60.91, 61.23, 61.55, 61.87, 62.19, 62.51, 62.83, 63.16, 63.46, 63.74, 63.97, 64.20, 64.43, 64.66, 64.89, 65.12, 65.35, 65.58, 65.71, 65.73, 65.64, 65.55, 65.46, 65.37, 65.28, 65.19, 65.10, 64.98, 64.79, 64.53, 64.23, 63.93, 63.63, 63.08, 62.41]],
    "RawData": ""
}